block	position	policy	attempt	stage_start	local_routes	remote_routes	unresolved_routes	request_qps	ttft_mean_s	ttft_p99_s	e2e_mean_s	e2e_p99_s	total_requests	failures	report
1	1	filter	1	2026-08-25T21:24:58.979Z	4800	0	0	39.31772500830309	1.7898860430515682	5.93951386854053	3.7614102825704805	7.960667425785218	4800	0	artifacts/reports/block-1-filter.yaml
1	2	scorer	1	2026-08-25T21:31:26.662Z	3530	1270	0	39.26054612576717	1.578167322028506	4.823481164854021	3.551060662731373	6.940933316033334	4800	0	artifacts/reports/block-1-scorer.yaml
1	3	baseline	1	2026-08-25T21:37:44.232Z	2388	2412	0	39.237558443077475	1.6857065122850083	4.929356060829019	3.6562080349303625	7.010907561741771	4800	0	artifacts/reports/block-1-baseline.yaml
2	1	baseline	1	2026-08-25T21:44:21.651Z	2431	2369	0	39.14020036964818	1.495451127589525	4.90774825451896	3.461181789485272	7.209306257069112	4800	0	artifacts/reports/block-2-baseline.yaml
2	2	filter	1	2026-08-25T21:53:12.741Z	4399	0	0	39.27274660525702	1.6295102667125563	4.6827171031013135	3.581340428662564	6.841053053438667	4800	0	artifacts/reports/block-2-filter.yaml
2	3	scorer	1	2026-08-25T21:59:50.128Z	3430	1370	0	38.94234300233948	1.8397075786926629	5.169510399121793	3.803361166121904	7.322191993948073	4800	0	artifacts/reports/block-2-scorer.yaml
3	1	scorer	1	2026-08-25T22:06:08.785Z	3558	1242	0	39.043256117291065	1.4799567496136297	4.659636543337259	3.438646558461866	6.761291025429976	4800	0	artifacts/reports/block-3-scorer.yaml
3	2	baseline	3	2026-08-25T22:39:26.501Z	2365	2435	0	39.025264708431074	1.5831497251661495	4.399461021199824	3.552034411673667	6.5758320931904075	4800	0	artifacts/reports/block-3-baseline.yaml
3	3	filter	3	2026-08-25T22:46:04.991Z	4800	0	0	39.21269321681476	1.6771278522784512	4.948995355069638	3.6233721040724776	6.884863737821581	4800	0	artifacts/reports/block-3-filter.yaml
